{"parent":"minecraft:item/handheld_rod","textures":{"layer0":"minecraft:item/warped_fungus_on_a_stick"},"overrides":[{"predicate":{"custom_model_data":7733248},"model":"vane_trifles:item/home_scroll"},{"predicate":{"custom_model_data":7733249},"model":"vane_trifles:item/unstable_scroll"},{"predicate":{"custom_model_data":7733251},"model":"vane_trifles:item/file"},{"predicate":{"custom_model_data":7733262},"model":"vane_trifles:item/trowel"},{"predicate":{"custom_model_data":7733264},"model":"vane_trifles:item/spawn_scroll"},{"predicate":{"custom_model_data":7733265},"model":"vane_trifles:item/lodestone_scroll"},{"predicate":{"custom_model_data":7733266},"model":"vane_trifles:item/death_scroll"}]}