{"texture_size":[32,32],"textures":{"0":"./item/christmas_hat_texture"},"elements":[{"from":[4,0,4],"to":[12,1,12],"faces":{"north":{"uv":[0,8,4,8.5],"texture":"#0"},"east":{"uv":[4,8,8,8.5],"texture":"#0"},"south":{"uv":[8,6,12,6.5],"texture":"#0"},"west":{"uv":[8,6.5,12,7],"texture":"#0"},"up":{"uv":[4,4,0,0],"texture":"#0"},"down":{"uv":[4,4,0,8],"texture":"#0"}}},{"from":[5,1,5],"to":[11,2,11],"faces":{"north":{"uv":[8,7,11,7.5],"texture":"#0"},"east":{"uv":[8,7.5,11,8],"texture":"#0"},"south":{"uv":[8,8,11,8.5],"texture":"#0"},"west":{"uv":[0,8.5,3,9],"texture":"#0"},"up":{"uv":[7,3,4,0],"texture":"#0"},"down":{"uv":[7,3,4,6],"texture":"#0"}}},{"from":[6,1,5.75],"to":[10,4,9.75],"rotation":{"angle":-22.5,"axis":"x","origin":[8,2.5,7.5]},"faces":{"north":{"uv":[7,0,9,1.5],"texture":"#0"},"east":{"uv":[7,1.5,9,3],"texture":"#0"},"south":{"uv":[7,3,9,4.5],"texture":"#0"},"west":{"uv":[7,4.5,9,6],"texture":"#0"},"up":{"uv":[6,8,4,6],"texture":"#0"},"down":{"uv":[8,6,6,8],"texture":"#0"}}},{"from":[7,4,5.75],"to":[9,6,7.75],"rotation":{"angle":-22.5,"axis":"x","origin":[9,5.5,7.5]},"faces":{"north":{"uv":[3,8.5,4,9.5],"texture":"#0"},"east":{"uv":[4,8.5,5,9.5],"texture":"#0"},"south":{"uv":[5,8.5,6,9.5],"texture":"#0"},"west":{"uv":[6,8.5,7,9.5],"texture":"#0"},"up":{"uv":[8,9.5,7,8.5],"texture":"#0"},"down":{"uv":[9,8.5,8,9.5],"texture":"#0"}}},{"from":[7.5,5.05546,4.82322],"to":[8.5,6.05546,5.82322],"rotation":{"angle":22.5,"axis":"x","origin":[8,5.55546,5.32322]},"faces":{"north":{"uv":[0,9,0.5,9.5],"texture":"#0"},"east":{"uv":[9,0,9.5,0.5],"texture":"#0"},"south":{"uv":[0.5,9,1,9.5],"texture":"#0"},"west":{"uv":[9,0.5,9.5,1],"texture":"#0"},"up":{"uv":[1.5,9.5,1,9],"texture":"#0"},"down":{"uv":[9.5,1,9,1.5],"texture":"#0"}}}],"display":{"thirdperson_righthand":{"translation":[0,7.5,0]},"thirdperson_lefthand":{"translation":[0,7.5,0]},"firstperson_righthand":{"translation":[0,9,0]},"firstperson_lefthand":{"translation":[0,9,0]},"ground":{"translation":[0,6.75,0],"scale":[1.5,1.5,1.5]},"gui":{"rotation":[45,45,0],"translation":[0,5.75,0],"scale":[1.5,1.5,1.5]},"head":{"rotation":[0,180,0],"translation":[0,25,0],"scale":[2.5,2.5,2.5]},"fixed":{"rotation":[-90,0,0],"translation":[0,0,-15.75],"scale":[2,2,2]}}}